severn24_lib7	D1FB
severn24_lib7	D1S1A
severn24_lib7	D1S1B
severn24_lib7	D1S2A
severn24_lib7	D1S2B
severn24_lib7	D1S3A
severn24_lib7	D1S3B
severn24_lib7	D1S4A
severn24_lib7	D1S4B
severn24_lib7	D1S5A
severn24_lib7	D1S5B
severn24_lib7	D1S6A
severn24_lib7	D1S6B
severn24_lib7	D1S7A
severn24_lib7	D1S7B
severn24_lib7	D1S8A
severn24_lib7	D1S8B
severn24_lib7	D3S1A
severn24_lib7	D3S1B
severn24_lib7	D3S2A
severn24_lib7	D3S2B
severn24_lib7	EB08
severn24_lib7	NEG07
severn24_lib7	POS07
severn24_lib8	D2FB
severn24_lib8	D2S1A
severn24_lib8	D2S1B
severn24_lib8	D2S2A
severn24_lib8	D2S2B
severn24_lib8	D2S3A
severn24_lib8	D2S3B
severn24_lib8	D2S4A
severn24_lib8	D2S4B
severn24_lib8	D2S5A
severn24_lib8	D2S5B
severn24_lib8	D3FB
severn24_lib8	D3S3A
severn24_lib8	D3S3B
severn24_lib8	D3S4A
severn24_lib8	D3S4B
severn24_lib8	D3S5A
severn24_lib8	D3S5B
severn24_lib8	D3S6A
severn24_lib8	D3S6B
severn24_lib8	D3S7A
severn24_lib8	EB09
severn24_lib8	NEG08
severn24_lib8	POS08
severn24_lib9	D3S7B
severn24_lib9	D4FB
severn24_lib9	D4S1A
severn24_lib9	D4S1B
severn24_lib9	D4S2A
severn24_lib9	D4S2B
severn24_lib9	D4S3A
severn24_lib9	D4S3B
severn24_lib9	D4S4A
severn24_lib9	D4S4B
severn24_lib9	D4S5A
severn24_lib9	D4S5B
severn24_lib9	EB10
severn24_lib9	NEG09
severn24_lib9	POS09
